code,marca
A00,CADILLAC
A01,INTERNATIONAL
A02,HONDA
A03,STERLING
A04,SEV
B00,XPENG
B01,YUTONG
B02,DINA
B03,KIA
B04,JAC
C00,BAIC
C01,WULING
C02,GEELY
C03,WHITE
C04,VICTORY
D00,KENWORTH
D01,VAUTRAN
D02,TREN CANADIENSE
D03,NEXTEM
D04,GENERICO
E00,ROVER
E01,GENERAL MOTORS
E02,STRUDER
E03,FAW
E04,LORESA
F00,TENOCHKA
F01,PETERBILT
F02,FERRARI
F03,MITSUBISHI
F04,DONGFENG
G00,MUDAN
G01,FORD
G02,AUTOCAR
G03,SEAT
G04,DFM
H00,IVECO
H01,PORSCHE
H02,INEOS
H03,GAC MOTOR
H04,TATRA
I00,AUDI
I01,JMC
I02,SHACMAN
I03,BUICK
I04,CATERHAM
J00,AUTOS GENERICOS
J01,RENAULT
J02,HONGQI
J03,LOTUS
J04,JAGUAR
K00,JAC
K01,GWM
K02,PICKUPS GENERICOS
K03,MAZDA
K04,SPARTAK
L00,TOYOTA
L01,DAEWOO
L02,MAN
L03,T-KING
L04,VOLKSWAGEN
M00,INFINITI
M01,ZACUA
M02,DAYUN
M03,SCANIA
M04,PEUGEOT
N00,WULLING BINGUO
N01,ALFA ROMEO
N02,MACK
N03,SINOTRUK
N04,ACURA
O00,UAZ
O01,LEAPMOTOR
O02,SOUEAST
O03,NISSAN
O04,DFSK
P00,LAMBORGHINI
P01,CBO
P02,FOTON
P03,FIAT
P04,HUMMER
Q00,VOLVO
Q01,FAMSA
Q02,JAECOO
Q03,MASTRETTA
Q04,BMW
R00,MERCEDES BENZ
R01,CHRYSLER
R02,ZEEKR
R03,TESLA
R04,KING LONG
S00,SHINERAY
S01,DAF
S02,SEMIRREMOLQUES
S03,PIAGGIO
S04,SUBARU
T00,RAMIREZ
T01,LINCOLN
T02,CHANGAN
T03,ISUZU
U00,BENTLEY
U01,ASTRA
U02,SAAB
U03,SUZUKI
V00,ARMADO
V01,LAND ROVER
V02,SMART
V03,FREIGHTLINER
W00,HYUNDAI
W01,ASTON MARTIN
W02,KAMA
W03,JETOUR
X00,XCMG
X01,HINO
X02,SANY
X03,BESTUNE
Y00,LEXUS
Y01,JINPENG
Y02,CHIREY
Y03,BYD
Z00,MASERATI
Z01,JAC
Z02,MERCURY
Z03,GIANT
