query_id,description,year,marca,submarca,tipveh,segment
q0004,DODGE RAM 4000 CHASIS CABINA STD. C/A AC.,2006,,,,CAMION
q0006,FORD F-600 ESTACAS TANDEM HASTA 16 TON.,1993,,,CAMIONES (MAYORES A 14 TONS.),CAMION
q0007,FORD F-600 ESTACAS TANDEM HASTA 16 TON.,1994,,,CAMIONES (MAYORES A 14 TONS.),CAMION
q0017,REMOLQUE PLATAFORMA 3 EJES 40 AUT,2015,,,REMOLQUE  SEMIRREMOLQUE,REMOLQUE
q0021,TOYOTA TACOMA,2012,,,CAMIONES (HASTA 1.5 TONS.),CAMION
q0022,YARIS CORE 5 PTAS. AUT.,2008,,,AUTOMOVIL,AUTO
q0023,"DOLLY 2 EJES TIPO ""A"" BAJA. AUT.",2020,-,,DOLLY,REMOLQUE
q0025,"TANQUE A.INOX ANILLADO 2 EJES 31,000 LTS. AUT",2024,-,,REMOLQUE,REMOLQUE
q0026,ACURA MDX,2011,ACURA,,AUTOS,AUTO
q0029,RDX,2023,ACURA,,AUTO,AUTO
q0030,ARMADO TRACTO . STD.,2001,ARMADO TRACTO . STD.,,TRACTO,TRACTO
q0031,CAJA SECA 53 PIES,2023,ATRO,,,REMOLQUE
q0037,BMW 420I GRAN COUPE L4 2.0 TURBO AUT,2016,BMW,,AUTOMOVIL,AUTO
q0038,BMW X1 SDRIVE 18I AUT,2026,BMW,,AUTOMOVIL,AUTO
q0042,"ENCLAVE CXL ""C"". AUT.",2015,BUICK,,AUTO,AUTO
q0043,ENVISION CXL N 5P L4 2.0L AWD VP BA QC 3 AC. AUT.,2020,BUICK,,AUTO,AUTO
q0044,"LACROSSE CXS ""C"". AUT.",2013,BUICK,,AUTO,AUTO
q0048,ESCALADE ESV-E,2016,CADILLAC,,,OTHER
q0052,"CITYSTAR 6, GRUA PLATAFORMA TIPO B",2026,CAMIÓN INTERNATIONAL,,,REMOLQUE
q0057,STAR TRUCK CABINA SENCILLA 2P L4 1.3L AC E. STD.,2024,CHANGAN,,CAMION,CAMION
q0060,CAMIONETA PICK UP TORNADO PAQ B/LS1 BASE S,2010,CHEVROLET,,,PICKUP
q0061,LS,2022,CHEVROLET,TORNADO,,OTHER
q0063,CHEVROLET BEAT LS BA 5P STD,2019,CHEVROLET VAN,,AUTOMOVIL,AUTO
q0064,CHEVROLET ONIX LS V3 1.0 AUT,2021,CHEVROLET VAN,,AUTOMOVIL,AUTO
q0065,CHEVROLET ONIX PREMIER REDLINE V3 1.0 AUT,2023,CHEVROLET VAN,,AUTOMOVIL,AUTO
q0066,TIGGO 7 PRO PREMIUM PHEV L4 HDS AUT 5 ABS CA CE PIEL SM CQ CB,2026,CHIREY,,,OTHER
q0067,TIGGO 8 PRO MAX PREMIUM,2023,CHIREY,,,OTHER
q0076,CS CHRYSLER RAM 4000 CH PL 2P V8 5.7L 4X2 BA AC 3.. STD,2017,CHRYSLER RAM,,CAMION,CAMION
q0077,REMOLQUE REFRESQUERO TIPO PALLET O CELDILLAS CAMA BAJA,1988,CONDE,,REMOLQUE,REMOLQUE
q0078,COROLLA BASE SEDAN AUT AA EE CD BA 132HP ABS 1.8L 4CIL 4P 5OCUP 2022,2022,COROLLA BASE SEDAN AUT AA EE CD BA 132HP ABS 1.8L 4CIL 4P 5OCUP,,,AUTO
q0079,"LEON PINTURA ESPECIAL, L4, 2.0T, 300 CP, 5 PUERTAS, AUT",2022,CUPRA,,VEHÍCULOS RESIDENTES,OTHER
q0080,DOLLY,2022,DALTO,,DOLLY,REMOLQUE
q0081,DOLLY,2023,DALTO,,DOLLY,REMOLQUE
q0088,FREIGHTLINER FL-360 2528R CHASIS CABINA RABON 0 CIL 0 P 0 OCUP,2023,DAMLER CHRYSLER,,,CAMION
q0090,551 QSP 175 HP CHASIS,1997,DINA,,CAMION,CAMION
q0091,9400 CUMMINS N14 435 HP. STD.,2001,DINA,,TRACTO,TRACTO
q0096,JOURNEY STX,2023,DODGE,,,OTHER
q0099,RAM 2500 CREW CAB SLT TRABAJO 4X2,2018,DODGE,,,OTHER
q0102,Cama Baja,2017,EAGER BEAVER,,CAMION,CAMION
q0103,*,2023,EL AGUILA,*,REMOLQUE CHICO,REMOLQUE
q0105,EQ CAMION LEGALIZADO TIPO THORTON. STD. MAS DE 14 TONS,2004,ESPECIAL,,ESPECIAL,CAMION
q0106,CHEVROLET CHEYENE C 15 Y C 20 ESTANDAR Y AUTOMATICO,1998,ESPECIALES,ESPECIALES PICK UP  HASTA 2.5 TONELADAS,,OTHER
q0107,HONDA ACCORD SEDAN 4D SE 2.4L I4 AUTO,2006,ESPECIALES,LEGALIZADO AUTO,,AUTO
q0109,TOYOTA COROLLA SEDAN 4D 1.8L I4,2009,ESPECIALES,LEGALIZADO AUTO,,AUTO
q0114,JH6 6x4,2024,FAW,,CAMION,CAMION
q0116,500 ABARTH L4 IMP STD 2 ABS CA CE PIEL CD SQ CB,2015,FIAT,500 ABARTH STD,,OTHER
q0118,CAMIONETA PICK UP STRADA TREKKING MANUAL,2013,FIAT,,,PICKUP
q0121,DUCATO FIAT DUCATO CARGO VAN MANUAL 4 CIL,2011,"FIAT FCA MEXICO,S.A. DE C.V",,,OTHER
q0122,CAMIONETA PICK UP STRADA TREKKING MANUAL,2013,FIAT STRADA,,,PICKUP
q0124,35379,2018,FORD,INTERCEPTOR,,OTHER
q0125,35433,2023,FORD,F250 SUPER DUTY,,OTHER
q0136,M2 35K MBT 4X2,2007,FREIGHTLINER,,CAMION,CAMION
q0138,SAVEIRO ROUBUST PICK UP,2023,FRONTIER,LE TM 2.5L 4 CIL TM 4 PTAS 4X2 AA,,PICKUP
q0139,CAJA SECA 48 PIES,2018,FRUEHAUF,,,REMOLQUE
q0141,"CITYRAY GF BITONO SUV, 1.5LTS., TURBO",2025,GEELY,,AUTOS,AUTO
q0142,CAVALIER LT B 1.5 4P AUT,2018,GENERAL MOTORS,,AUTOMOVIL,AUTO
q0143,CHEVROLET CAPTIVA PREMIER 1.5 7 PAS AUT,2023,GENERAL MOTORS,,AUTOMOVIL,AUTO
q0146,GENERAL MOTORS GM TORNADO VAN  B 5PTS 1.5L. ABS AC2 TON STD,2022,GENERAL MOTORS,,PICKUP CARGA,PICKUP
q0148,ARMADO RABON ARMADO,2012,GENERICA,,CAMIONES MÁS DE 3.5 T,CAMION
q0149,ARMADO TORTON ARMADO,1991,GENERICA,,CAMIONES MÁS DE 3.5 T,CAMION
q0150,ARMADO TORTON ARMADO,1980,GENERICA,,CAMIONES MÁS DE 3.5 T,CAMION
q0152,SIERRA CREW CAB D ALL TERRAIN PK,2016,GMC,,PICKUP,PICKUP
q0153,SIERRA CREW CAB D ALL TERRAIN PK 4P V8 4,2015,GMC,,PICKUP,PICKUP
q0154,TERRAIN,2024,GMC,,VEHICULOS RESIDENTES,OTHER
q0157,C-35 CHASIS CABINA HEAVY DUTY. STD.,2001,GMOTORS,,PICK UP,CAMION
q0159,HAVAL JOLION,2025,GREAT WALL,HAVAL JOLION,,OTHER
q0164,HINO SERIE 300 (716 LGO),2009,HINO,,CAMION,CAMION
q0166,MOTORS 816 C/CAB SUPER LARGO DR TDI 3.8M. STD.,2023,HINO,,CAMION,CAMION
q0172,COMPACTADOR CON CAJA DE CAPACIDAD DE 8 TONELADAS,2022,HOWO,,,OTHER
q0173,T-541,2022,HOWO,,,OTHER
q0178,TUCSON GLS PREMIUM AT,2023,HYUNDAI,,AUTOS,AUTO
q0179,TUCSON LIMITED,2018,HYUNDAI,TUCSON LIMITED,,OTHER
q0181,REMOLQUE PALLET 2 EJES,1994,INMETAL,,REMOLQUE,REMOLQUE
q0184,"9400 CUM ISX435 51"" PRO SPLEEPER. STD.",2001,INTER-NAVIS,,TRACTO,TRACTO
q0185,"9400 CUM ISX435 51"" PRO SPLEEPER. STD.",2004,INTER-NAVIS,,TRACTO,TRACTO
q0189,NAVISTAR,2018,INTERNATINAL,,,OTHER
q0190,CAMION GRUA  CAB 4200-175 33000 LBS DE-P.B.V.,2007,INTERNATIONAL,,,CAMION
q0196,VOLTEO 4700,2001,INTERNATIONAL,,,CAMION
q0197,INTERNATIONAL INTERNACIONAL CHASIS CABINA CITYSTAR DIESEL ST,2015,INTERNATIONAL NAVIST,,CAMION >7.5T,CAMION
q0198,ISUZU ELF 400K CHASIS CABINA,2017,ISUZU,ELF400K,-,CAMION
q0199,ISUZU ELF 400K CHASIS CABINA,2019,ISUZU,ELF400K,-,CAMION
q0201,FT-150 TS,2024,ITALIKA,,MOTOCICLETA,MOTO
q0202,MOTOCICLETA,2016,ITALIKA,,MOTOCICLETA,MOTO
q0203,"JAC FRISON L4 PICK UP T6, DOBLE CABINA",2022,JAC,,,PICKUP
q0207,PICK UP JACK FRISON T8,2024,JACK,,,PICKUP
q0212,KENMEX  T800B MOTOR CUMMNS ISM -350,2009,KENWORTH,,,OTHER
q0230,LAND ROVER DEFENDER 130 X DYNAMIC SE L6 3.0T AUT,2025,LAND ROVER,,AUTOMOVIL,AUTO
q0232,LAND ROVER RR EVOQUE R DYNAMIC S P300E 1.5 PHEV TA,2023,LAND ROVER,,AUTOMOVIL,AUTO
q0233,RANGE ROVER EVOQUE SE DYNAMIC L4 2.0 TURBO AUT,2016,LAND ROVER,,AUTOMOVIL,AUTO
q0234,LEGALIZADO TRA . STD.,2017,LEGALIZADO,,TRACTO,TRACTO
q0239,CORSAIR,2025,LINCOLN,,VEHICULOS RESIDENTES,OTHER
q0241,EVOQUE COUPE DYNAMIC 2P L4 2.0L 4WD VP QC. AUT.,2015,LROVER,,AUTO,AUTO
q0246,CX-70,2025,MAZDA,,VEHICULOS RESIDENTES,OTHER
q0251,GLC-300 OFF-ROAD 5P L4 2.0L 4MATIC 9G-TRONIC. AUT.,2018,MBENZ,,AUTO,AUTO
q0254,S560 L BITURBO,2019,MERCEDES,S560 L BITURBO,,OTHER
q0257,MERCEDES BENZ GLE 350 EXCLUSIVE V6 3.5 AUT,2019,MERCEDES BENZ,,AUTOMOVIL,AUTO
q0258,MERCEDEZ BENZ CHASIS CABINA LK-1417/34,1993,MERCEDEZ,,,CAMION
q0260,REMOLQUE  PALLETIZADO ENCORTINADO 22 COMPARTIMIENTOS,2018,MG GAMI,,REMOLQUE,REMOLQUE
q0261,MG GT STYLE SEDAN 1.5 DCT,2023,MG ROVER,,AUTOMOVIL,AUTO
q0265,3P L4 VP TSOLAR R17 S BAYSWATER ST. STD.,2013,MINI COOPER,,AUTO,AUTO
q0266,S COUNTRYMAN ICONIC 5P L4 2.0T TBO. AUT.,2023,MINI COOPER,,AUTO,AUTO
q0278,INTERNATIONAL 7600 VOLTEO,2009,NAVISTAR,,CAMION,CAMION
q0279,ARMADA,2007,NISSAN,ARMADA,,OTHER
q0281,MARCH ADVANCE STD,2020,NISSAN,,AUTOMOVIL,AUTO
q0283,NISSAN NP 300 CHASIS DIESEL 4*2 T/M BA 6 VEL,2016,NISSAN,NP 300,-,CAMION
q0285,TSURU III GSI ED MILLON Y MEDIO L4 1.6L 105 CP 4 PUERTAS STD,2017,NISSAN,,VEHÍCULOS RESIDENTES,OTHER
q0287,CAMIONETA ESTACA COLOR BLANCO 4 CILINDROS,2008,NISSAN ESTACA,,,OTHER
q0288,T-119,2008,NISSAN ESTACA,,,OTHER
q0289,NP300,2016,NISSAN FRONTIER,,,OTHER
q0292,CAJA SECA 53 PIES,2024,OPERBUS,,,REMOLQUE
q0294,PEUGEOT PARTNER MAXI PACK PURETECH GAS L3 FSI STD 5 ABS CA C,2024,PEUGEOT,,PICKUP CARGA,PICKUP
q0296,MATIZ G2 PAQ B 1.0L L4 STD,2012,PONTIAC,,AUTO,AUTO
q0299,PORSCHE MACAN BASE 5P L4 2.0T TURBO AUT,2024,PORSCHE,,,OTHER
q0300,"EQ INTER-NAVIS 4300 DT466 210 HP 230"" CHASIS. STD. MAS 7.5 T Y HASTA 14 T",2012,RABON,,RABON,CAMION
q0302,1500 LONGHORN,2021,RAM,,PICKUP,PICKUP
q0303,PROMASTER RAPID,2018,RAM,RAM,-,OTHER
q0304,RAM 700 LARAMIE CREW CAB MANUAL 1.3 LTS 4 CIL,2023,RAM,,,OTHER
q0305,RG CHEVROLET CHASIS CABINA PTS 2 PAS 3 S/A,1998,REGULARIZADO,,PICK UPS,CAMION
q0306,REMOLQUE PALLET 2 EJES,1985,REMCA,,REMOLQUE,REMOLQUE
q0307,3 TONELADAS,1992,REMOLQUE,3 TONELADAS,,OTHER
q0309,DOLLY 2 EJES (NACIONAL). AUT.,2021,REMOLQUE,,REMOLQUE,REMOLQUE
q0310,REMOLQUE 2016,2016,REMOLQUE,,CAMIÓN,REMOLQUE
q0313,DOLLY,2005,REMOLQUES,REMOLQUE DOLLY,,REMOLQUE
q0314,DOLLY,2002,REMOLQUES,REMOLQUE DOLLY,,REMOLQUE
q0317,RENAULT RENAULT KANGOO EXPRESS AA CD BA ESTANDAR VAN 4 CIL 4,2018,RENAULT,,PICKUP CARGA,PICKUP
q0319,RENAULT SAFRANE LE 2.3L V6,2013,RENAULT,,AUTOMOVIL,AUTO
q0322,CHASIS PORTACONTENEDOR,2022,RM SEMIREMOLQUE,,CHASIS,CAMION
q0330,VERSA SENSE MT,2020,SEDAN,,,OTHER
q0332,DOLLY 2 EJES (NACIONAL),2014,SEMIREMOLQUE,,REMOLQUE,REMOLQUE
q0334,TOLVA PRESURIZADA 28MTRS3 2EJES. AUT.,2022,SEMIREMOLQUE,,SEMIREMOLQUE,REMOLQUE
q0335,SERIE 7 750E XDRIVE SEDAN AUT AA EE MP3 USB BA QC VP 489HP ABS 3L 2026,2026,SERIE 7 750E XDRIVE SEDAN AUT AA EE MP3 USB BA QC VP 489HP ABS 3L,,,AUTO
q0337,"CAJA SECA 53""",2001,STRICK,,CAJA SECA,REMOLQUE
q0342,MODEL 3 BASES ELE AUT,2026,TESLA,,,OTHER
q0343,TESLA Y PERFORMANCE 4WD ELECTRICO,2022,TESLA,,AUTOMOVIL,AUTO
q0348,TOYOTA HILUX CH 2P L4 2.7 2 TON STD,2019,TOYOTA,,,OTHER
q0356,TRACTOCAMION KENWORTH T 300 2 PTAS. 2006,2006,TRACTOCAMION,,,TRACTO
q0362,DOLLY,2015,VISUSA,,DOLLY,REMOLQUE
q0363,DOLLY,2007,VISUSA,,DOLLY,REMOLQUE
q0364,DOLLY,2018,VISUSA,,DOLLY,REMOLQUE
q0365,DOLLY,2021,VISUSA,,DOLLY,REMOLQUE
q0366,DOLLY,2006,VISUSA,,DOLLY,REMOLQUE
q0367,DOLLY,2017,VISUSA,,DOLLY,REMOLQUE
q0368,DOLLY,2013,VISUSA,,DOLLY,REMOLQUE
q0372,TOUAREG V8 TIPTRONIC,2016,VOLKSWAGEN,,AUTOMOVIL,AUTO
q0374,VOLKSWAGEN VOLKSWAGEN GOL 1.6L TRENDLINE ASG AA CD BA ESTAND,2018,VOLKSWAGEN,,AUTO,AUTO
q0376,VNL 64T 630,2012,VOLVO,,TRACTO,TRACTO
q0379,VOLVO XC60 MOMENTUM T5 AWD MOTOR 2.0LT 4 CIL T/A 5 PTAS. 4 CIL.,2020,VOLVO,XC60 MOMENTUM T5 AWD MOTOR 2.0LT 4 CIL T/A 5 PTAS. 4 CIL.,AUTO,AUTO
q0380,SAVEIRO ROUBUST PICK UP,2024,VW,SAVEIRO ROUBUST PICK UP,,PICKUP
q0381,SAVEIRO ROUBUST PICK UP,2025,VW,SAVEIRO ROUBUST PICK UP,,PICKUP
q0382,SUV TIGUAN COMFORTLINE 1.4 L,2023,VW,,,AUTO
q0384,VW VIRTUS COMFORTLINE,2023,VW VIRTUS COMFORTLINE,,,OTHER
q0385,WAGONEER MHEV SUV AUT AA EE CD BA QC VP 392HP ABS 5.7L 8CIL 5P 8OCUP 2022,2022,WAGONEER MHEV SUV AUT AA EE CD BA QC VP 392HP ABS 5.7L 8CIL 5P 8OCUP,,,AUTO
q0386,VOLKSWAGEN 2023 SAVEIRO PICK UP SAVEIRO 16 LTS COLOR:BLANCO CANDY NIV:*****37162,2023,WOLKSWAGEN,,CAMION,CAMION
q0387,VOLKSWAGEN 2023 SAVEIRO PICK UP SAVEIRO 16 LTS COLOR:BLANCO CANDY NIV:*****38029,2023,WOLKSWAGEN,,CAMION,CAMION
q0388,MOTOCICLETA,2020,YAMAHA,,MOTOCICLETA,MOTO
