query_id,description,year,marca,submarca,tipveh,segment,expected_code
q0001,CAVALIER LS A 1.5 4P STD,2018,,,AUTOMOVIL,AUTO,R000BS
q0002,CR-V EX PREMIUM 2.4,2014,,,AUTOMOVIL,AUTO,J00090
q0003,DODGE RAM 2500 QUAD CAB SLT. 4X2,2001,,,CAMIONES (HASTA 1.5 TONS.),CAMION,C0003N
q0005,FORD F 700 GASOLINA 28000 LBS CHASIS CABIN,2000,,,CAMIONES (HASTA 7.5 TONS.),CAMION,U0003D
q0008,HINO 816 LONG SERIE 300,2019,,,,OTHER,I000AJ
q0009,INTER NAVIS PROSTAR 450 ISX HI RISE STD 02 OCU,2019,,,TRACTOCAMIONES,TRACTO,N000B8
q0010,KENWORTH T800 B AEROCAB ISX 450HP 72 STD 02 OCU,2012,,,TRACTOCAMIONES,TRACTO,Q0000C
q0011,NISSAN NP300 CHASIS CABINA DH PAQ SEG AC STD,2019,,,CAMIONES (HASTA 1.5 TONS.),CAMION,H000BN
q0012,NISSAN NP300 ESTACAS PAQ SEG DH AC STD,2018,,,,OTHER,V00023
q0013,NISSAN PICK UP KING CAB STD.,2002,,,CAMIONES (HASTA 1.5 TONS.),CAMION,S0003G
q0014,PLATAFORMA 2 EJES,2006,,,,REMOLQUE,Z0000M
q0015,PLATAFORMA 2 EJES,2004,,,,REMOLQUE,Z0000M
q0016,PLATAFORMA 2 EJES REVUELTA,2006,,,,REMOLQUE,Z0000M
q0018,REMOLQUES,2025,,,,REMOLQUE,Z0000M
q0019,RM SEMIREMOLQUE,2019,,,CHASIS,REMOLQUE,Z0000M
q0020,TIIDA SEDAN COMFORT STD. A.AC.,2011,,,AUTOMOVIL,AUTO,R0009E
q0024,"TANQUE A.INOX ANILLADO 2 EJES 31,000 LTS MEDIA. AUT.",2023,-,,REMOLQUE,REMOLQUE,Q00046
q0027,ACURA RDX ADVANCE 2.0 TURBO AUT,2022,ACURA,,,OTHER,U0009I
q0028,ACURA RDX ADVANCE 2.0 TURBO AUT,2022,ACURA,,AUTOMOVIL,AUTO,U0009I
q0032,AUDI A3 40 TFSI S LINE L4 2.0 190 HP S TRONIC,2024,AUDI,,AUTOMOVIL,AUTO,W000C8
q0033,AUDI Q3 RS L5 2.5 TURBO AUT,2017,AUDI,,AUTOMOVIL,AUTO,E000BD
q0034,AUDI Q5 DYNAMIC FSI TURBO 2.0L QUATTRO S TRONIC,2019,AUDI,,AUTOMOVIL,AUTO,J0008T
q0035,AUDI S3 SEDAN,2016,AUDI,,AUTOS,AUTO,Q0004P
q0036,Q7 SLINE 3.0L FSI 3,2016,AUDI,,,OTHER,J0009A
q0039,BMW X4 XDRIVE30IA BASE 5P L4 2.0T BA ABS AA. AUT.,2023,BMW,,AUTOMOVIL,AUTO,K0001S
q0040,X5 XDRIVE 50iA SECURITY AUT,2018,BMW,,,OTHER,F0009U
q0041,CAMIONETA,2016,BUICK,ENVISION,CAMIÓN,OTHER,N000B9
q0045,SONG PRO 2025 BM,2025,BYD,,AUTOS,AUTO,M0004Z
q0046,CTS V SEDAN 4P V8 6.2L 2WD R19. AUT.,2016,CADILLAC,,AUTO,AUTO,P00048
q0047,ESCALADE ESV PAQ B 2021,2021,CADILLAC,ESCALADE ESV PAQ B,AUTO,AUTO,E0002F
q0049,CAJA REFRIERADA UTILITY,2020,CAJA,,REMOLQUES,REMOLQUE,W0008G
q0050,CAJA REFRIGERADA,2015,CAJA,,REMOLQUES,REMOLQUE,Z0000M
q0051,CAMION ELF 500 K,2012,CAMION,,CAMIONES,CAMION,M000DJ
q0053,TOLVA,2019,CARMEX,,TOLVA,REMOLQUE,Z0000M
q0054,PLATAFORMA,2008,CATAMEX,PLATAFORMA,,REMOLQUE,Z0000M
q0055,ALSVIN TM,2024,CHANGAN,,AUTOS,AUTO,P00056
q0056,STAR TRUCK 1.5L CAJA ABATIBLE AA EE CD BA ESTANDAR PICKUP 4 CIL 2 P 2 OCUP,2026,CHANGAN,,,PICKUP,I0003N
q0058,STAR TRUCK CAJA ABATIBLE 2P L4 1.5L. STD.,2024,CHANGAN,,CAMION,CAMION,C000AP
q0059,"C36 CHASIS, V8, 5.7L, 255 CP, 2 PUERTAS, STD",2005,CHEVROLET,,CAMIONES HASTA 3.5 T,CAMION,L000DG
q0062,"SILVERADO 3500 DR CHASIS CABINA, V8, 6.0L, 312 CP, 2 PUERTAS, STD, PAQ E",2006,CHEVROLET,,CAMIONES HASTA 3.5 T,CAMION,L0005T
q0068,TIGGO 8 PRO PREMIUM E HEV L4 HDS AUT 5 ABS CA CE PIEL SM CQ C,2025,CHIREY,,,OTHER,S0002Y
q0069,700 SLT CREW CAB L4 1.3L 100 CP 4 PUERTAS STD,2023,CHRYSLER,RAM 700,PICK UP,PICKUP,R0007Z
q0070,CHRYSLER 1500 CREW CRAB SLT TRABAJO / V8 6AT (FLEET),2021,CHRYSLER,1500 CREW CRAB SLT TRABAJO / V8 6AT (FLEET),PATRULLA,OTHER,Q0008N
q0071,CHRYSLER RAM 700 SLT PK 2P L4 1.6L ABS 1TON. STD.,2019,CHRYSLER,,PICK UP,PICKUP,V0006C
q0072,"CS CHRYSLER RAM 4000 5.7L C/CABINA ""PL"" 4X2. STD.",2019,CHRYSLER,,CAMION,CAMION,N0002P
q0073,GRAND CHEROKEE OVERLAND HEMI 5.7 V8 AUT,2023,CHRYSLER,,,OTHER,K0008X
q0074,JEEP WRANGLER SAHARA,2015,CHRYSLER,JEEP WRANGLER SAHARA,,OTHER,G00001
q0075,RENEGADE LATITUDE L4 IMP AUT 4 ABS CA SE PIEL SM SQ CB,2021,CHRYSLER - JEEP,,,OTHER,L000BQ
q0082,TOLVA,2023,DALTO,,TOLVA,REMOLQUE,Z0000M
q0083,TOLVA,2020,DALTO,,TOLVA,REMOLQUE,Z0000M
q0084,TOLVA,2021,DALTO,,TOLVA,REMOLQUE,Z0000M
q0085,TOLVA,2022,DALTO,,TOLVA,REMOLQUE,Z0000M
q0086,TOLVA,2024,DALTO,,TOLVA,REMOLQUE,Z0000M
q0087,CHRYSLER RAM 1500 LARAMIE SPORT BLACK PACK,2019,DAMLER CHRYSLER,,,OTHER,A00037
q0089,PLATAFORMA,2003,DEL NORTE,PLATAFORMA,,REMOLQUE,Z0000M
q0092,CHASIS CABINA 451,1991,DINA,,CAMION,CAMION,S00096
q0093,VOLTEO,1994,DINA,,VOLTEO,CAMION,Z0000M
q0094,DODEGE RAM 400,2019,DODEGE,,PICKUP´S,PICKUP,O0005H
q0095,35451,2024,DODGE,DURANGO,,OTHER,C0006Z
q0097,JOURNEY T/A 1.5 L TURBO SPORT,2023,DODGE,,,OTHER,G0007N
q0098,RAM 1500 LARAMIE SPORT V8,2021,DODGE,,PICK-UP,PICKUP,Y000A7
q0100,CHASIS CABINA,2009,DODGE H100,CHASIS CABINA,,CAMION,U00085
q0101,"DOLLY 2 EJES TIPO ""A"". AUT.",2016,DOLLY,,REMOLQUE,REMOLQUE,U000C4
q0104,EL AGUILA *,2023,EL AGUILA,,SEMIREMOLQUE,REMOLQUE,Z0000M
q0108,INTER-NAVIS 9200 450-ISM-6X4-10VEL-DAYCAB STD 02OCU,2003,ESPECIALES,ESPECIALES CAMIONES HASTA 99 TONELADAS,,OTHER,M00057
q0110,TRACTOCAMION KENWORTH T-800 DE LUJO SH AEROCAB,1992,ESPECIALES,ESPECIALES TRACTOS,,TRACTO,E000B8
q0111,ESTACAS DH NP300 ESTACAS STD AA 158HP 2.5L 4CIL 2P 3OCUP 2019,2019,ESTACAS DH NP300 ESTACAS STD AA 158HP 2.5L 4CIL 2P 3OCUP,,,OTHER,H000BN
q0112,SEMIREMOLQUE TIPO JAULA 3 EJES 3 TON,2017,EXA,,,REMOLQUE,D0004U
q0113,TRACTOCAMION FAMSA TR MERCEDES BENZ 170 HP 10-13 TON CONVENCIONAL,1986,FAMSA,,TRACTOCAMIONES,TRACTO,Z000AZ
q0115,FERBEL,2019,FERBEL,,REMOLQUE,REMOLQUE,Z0000M
q0117,500 TURBO L4 IMP STD 3 ABS CA CE PIEL CD SQ CB,2013,FIAT,500 TURBO STD,,OTHER,T00086
q0119,FIAT 500 VINTAGE,2011,FIAT,,AUTOMOVIL,AUTO,B00023
q0120,PULSE DRIVE PLUS CVT,2023,FIAT,PULSE DRIVE PLUS CVT,,OTHER,T0009F
q0123,FOIRD XL REG CHASIS F550,2024,FOIRD,,CAMIONES,CAMION,Q00084
q0126,F450,2022,FORD,F450,-,OTHER,A000CX
q0127,F450,2023,FORD,F450,,OTHER,U00024
q0128,FORD FORD TRANSIT COURIER VERSION 1.0,2021,FORD,,PICKUP CARGA,PICKUP,F00092
q0129,TRANSIT COURIER VAN L3 1.0L 5 PTS STD,2022,FORD,TRANSIT CARGA,PICK UP,PICKUP,F00092
q0130,VOLTEO,1992,FORD,VOLTEO,VOLTEO,CAMION,Z0000M
q0131,VOLTEO,1992,FORD,VOLTEO,,CAMION,Z0000M
q0132,F150,2013,FORD  (ROJA),F150,REGULAR CA XL,OTHER,T0001Y
q0133,CHASIS CABINA,2023,FREIGHTLINER,FL 360 1828,-,CAMION,L0005Z
q0134,FREIGHTLINER DETROIT DIESEL DD13 CASCADIA CAS,2025,FREIGHTLINER,CASCADIA 125,-,OTHER,N0001W
q0135,FREIGHTLINER DETROIT DIESEL DD15 CASCADIA CAS,2020,FREIGHTLINER,CASCADIA 125,-,OTHER,O000D2
q0137,VOLTEO,2010,FREIGHTLINER,,VOLTEO,CAMION,Z0000M
q0140,EMZOOM GL LUX 1.5L TA,2024,GAC MOTOR,,,OTHER,Z000B8
q0144,CHEVROLET SILVERADO 1500 CAB. REG. D STD,2012,GENERAL MOTORS,,,OTHER,W0008P
q0145,CHEVY POPULAR STD.,2004,GENERAL MOTORS,,AUTOMOVIL,AUTO,K00090
q0147,SOLSTICE GT L4 SFI STD 2 ABS CA CE PIEL CD SQ CB,2008,GENERAL MOTORS,SOLSTICE 2PTS CONVERTIBLE G,,OTHER,F000B1
q0151,GIANT MOTORS JAC FRISON T6 2.0L 4CL 190 HP 213 BLP 6 VEL  CHASIS CABINA  X200,2024,GIANT MOTORS,,PICKUP,CAMION,Z0008D
q0155,YUKON SUV DENALI PAQ A,2021,GMC,,AUTOS,AUTO,M0005C
q0156,GMOTORS YUKON DENALI 6VEL AUT,2009,GMC PONTIAC,,,OTHER,M0000Z
q0158,"PG GMOTORS COLORADO DOBLE CABINA WT B PK 4P L4 2.5, AUT OCUP. 5",2016,GMOTORS,,,PICKUP,F00034
q0160,"HAVAL JOLION PREMIUM, L4, 1.5T, 188 CP, 5 PUERTAS, AUT, HEV",2024,GWM,,VEHÍCULOS RESIDENTES,OTHER,C00040
q0161,SEMIREMOLQUE TIPO DOLLY  2 EJES CON FRENOS ABS SUSPENSION,2023,HIDRAULICOS CHAVEZ,,REMOLQUE,REMOLQUE,J000B8
q0162,CHASIS CABINA,2024,HINO,,,CAMION,M0001V
q0163,HINO 1018 G EURO,2024,HINO,,CAMIONES,CAMION,N0004N
q0165,HINO SERIE 500 2017 FM 2627 R 6X4 DIESEL 6 CIL 2 PTAS EJE 6X4,2017,HINO,,,OTHER,M0007I
q0167,ACCORD COUPE AUT VP QC A.AC.EE,2007,HONDA,,AUTOMOVIL,AUTO,V0002B
q0168,HONDA CR-V LX,2013,HONDA,,AUTOMOVIL,AUTO,R0001B
q0169,HONDA PILOT 3.5 TOURING,2022,HONDA,PILOT,,OTHER,J0008W
q0170,INSIGHT HIBRIDO L4E CVT,2022,HONDA,,AUTOS,AUTO,Y0004P
q0171,ODYSSEY EXL,2010,HONDA,,AUTOMOVIL,AUTO,A0009B
q0174,GLS IVT,2023,HYUNDA,CRETA,,OTHER,P0002L
q0175,HYUNDAI GRANDi10,2022,HYUNDAI,,AUTO,AUTO,L000BP
q0176,HYUNDAI TUCSON GLS L4 2.5 AUT,2024,HYUNDAI,,AUTOMOVIL,AUTO,B0007W
q0177,I10 GLS PREMIUM,2012,HYUNDAI,,,OTHER,B000A3
q0180,QX56 TA AWD V8 5PTAS,2012,INFINITI,,AUTOS,AUTO,G0003R
q0182,"4300 DT466 210 HP 230"" CHASIS. STD.",2019,INTER-NAVIS,,CAMION,CAMION,A0001C
q0183,"4300-195 DT466 6VEL 236"" CHASIS. STD. MAS 7.5 T Y HASTA 14 T",2003,INTER-NAVIS,,CAMION,CAMION,O000B0
q0186,CISTERNA CHASSIS CABINA  MOD 4400 250 4X2,2003,INTERNACIONAL,,,OTHER,X0001T
q0187,INTERNACIONAL MV607 RECOLECTOR COMPACTADOR,2025,INTERNACIONAL,RECOLECTOR COMPACTADOR,CAMION,CAMION,G000DY
q0188,VOLTEO,2008,INTERNACIONAL,,VOLTEO,CAMION,Z0000M
q0191,CITYSTAR,2014,INTERNATIONAL,,RECOLECTOR,OTHER,I000BE
q0192,CITYSTAR CF 600 RB CUMMINS 200 HP 9 TON,2007,INTERNATIONAL,,CAMIONES MÁS DE 3.5 T,CAMION,T000DB
q0193,EQ INTERNATIONAL MV 607 CUMMINS 225HP 4X2. STD. MAS 7.5 T Y HASTA 14 T,2022,INTERNATIONAL,,RABON,CAMION,X000C3
q0194,MV 4X2,2025,INTERNATIONAL,,,OTHER,Y00013
q0195,VOLTEO 4300,2002,INTERNATIONAL,,,CAMION,Z0000M
q0200,ISUZU ELF600 CHASIS CABINA,2018,ISUZU,,CAMIONES,CAMION,P0002U
q0204,JAC FRISON T8 L4 STD,2024,JAC,,CAMIONES (HASTA 1.5 TONS.),CAMION,J0005B
q0205,SUNRAY PASS SMART,2025,JAC,SUNRAY PASS SMART,,OTHER,E0001N
q0206,PICK UP JACK FRISON T6,2024,JACK,,,PICKUP,Z0008D
q0208,COMPASS HIGH ALTITUDE AWD ATX8 2.0L TURBO,2025,JEEP,,AUTOS,AUTO,T0003E
q0209,JEEP WRANGLER 4PTAS UNLIMITED SAHARA 4X4 AUT 6CL 3.6L,2012,JEEP,,CAMIONETA,OTHER,G00001
q0210,SAHARA,2020,JEEP UNLIMITED,SAHARA,,OTHER,K0004F
q0211,JETTA,2024,JETTA,,,OTHER,S0003P
q0213,KENMEX T800B,2007,KENWORTH,,,OTHER,F0000H
q0214,KENWORTH T800B,2009,KENWORTH,,CAMION,CAMION,F0000H
q0215,"T-800 SH CHASIS CABINA P/REVOLVEDORA, STD OCUP. 2",2006,KENWORTH,,CAMION,CAMION,H000AW
q0216,T-880 DORMITORIO 52 PULG,2019,KENWORTH,,CAMION,CAMION,G0008A
q0217,T800,2014,KENWORTH,,TRACTO,TRACTO,F0000H
q0218,T800,2013,KENWORTH,,TRACTO,TRACTO,F0000H
q0219,T800,2018,KENWORTH,,TRACTO,TRACTO,F0000H
q0220,T800,2016,KENWORTH,,TRACTO,TRACTO,F0000H
q0221,T800,2017,KENWORTH,,TRACTO,TRACTO,F0000H
q0222,T800,2011,KENWORTH,,TRACTO,TRACTO,F0000H
q0223,T800,2022,KENWORTH,,TRACTO,TRACTO,F0000H
q0224,KIA NIRO EX 1.6 DCT,2020,KIA,,AUTOMOVIL,AUTO,P0007J
q0225,NEW SORENTO 2.5L EX T/A 7P,2023,KIA,,AUTOS,AUTO,M0004I
q0226,RIO SEDAN SD LX,2020,KIA,RIO SEDAN SD LX,,AUTO,S0002L
q0227,SELTOS GT LINE 5P L4 1.4T GTDI ABS BA EBD AC E. AUT.,2022,KIA,,AUTO,AUTO,T000CG
q0228,KIA KIA RIO 1.6L LX AA EE CD BA AUTOMATICO HATCHBACK 4 CIL 5,2018,KIA MOTORS,,AUTO,AUTO,K0001F
q0229,KIA KIA SPORTAGE EX 2.0L AUT.5 PTAS.,2018,KIA MOTORS,,AUTO,AUTO,O000CT
q0231,LAND ROVER LR4 HSE,2011,LAND ROVER,,AUTOMOVIL,AUTO,M0001R
q0235,LEXUS ES 300H,2022,LEXUS,,AUTOS,AUTO,S0002O
q0236,LS500H EXECUTIVE,2024,LEXUS,,AUTOS,AUTO,E0009C
q0237,LX700h LUXURY,2026,LEXUS,,AUTOS,AUTO,H0006M
q0238,AVIATOR RESERVE 5P V6 3.0T TBO AWD ABS BA. AUT.,2021,LINCOLN,,AUTO,AUTO,S0008R
q0240,"MARK LT DOBLE CABINA AUT. 4X2.5 5.0,",2012,LINCOLN,,PICK UP,PICKUP,O0007S
q0242,CARRO ESCALA 106 PIES,1985,LTI,,,OTHER,B0008E
q0243,MARCH ACTIVE HB STD AA CD BA 106HP ABS 1.6L 4CIL 5P 5OCUP 2020,2020,MARCH ACTIVE HB STD AA CD BA 106HP ABS 1.6L 4CIL 5P 5OCUP,,,OTHER,Z0003Z
q0244,3S SEDAN,2013,MAZDA,3S SEDAN,,AUTO,Z00061
q0245,CX-50,2025,MAZDA,,VEHICULOS RESIDENTES,OTHER,Q00024
q0247,MAZDA 3I SPORT L4 2.5 SEDAN AUT,2021,MAZDA,,AUTOMOVIL,AUTO,A00091
q0248,MAZDA 3i AUT 4 PTAS C/A.AC,2010,MAZDA,,AUTOMOVIL,AUTO,Z00061
q0249,MB FREIGHTLINER NEW CASCADIA,2024,MB,,CAM. + 7.5 TONS.,OTHER,N0001W
q0250,CLASE C 300 SPORT AUT,2020,MBENZ,,AUTOMOVIL,AUTO,G00080
q0252,CLASE E 250 AVANTGARDE L4 IMP AUT 4 ABS CA CE PIEL CD CQ CB,2018,MERCEDES,,,OTHER,R0002O
q0253,CLASE S 650 MAYBACH,2019,MERCEDES,CLASE S 650 MAYBACH,,OTHER,R000A6
q0255,CLASE GLK 300 SPORT V6 IMP AUT 4 ABS CA CE PIEL CD CQ CB,2015,MERCEDES BENZ,CLASE GLK 300 SPORT AUT,,OTHER,D0000U
q0256,MERCEDES BENZ GLC 300 SPORT L4 2.0 AUT,2018,MERCEDES BENZ,,AUTOMOVIL,AUTO,J000BQ
q0259,MG5 CE EXCITE AT 1.5,2025,MG,,AUTOS,AUTO,G0001W
q0262,MG5 ELEGANCE 1.5 CVT,2024,MG ROVER,,AUTOMOVIL,AUTO,P00007
q0263,MG5 ELEGANCE 1.5 CVT,2022,MG ROVER,,AUTOMOVIL,AUTO,P00007
q0264,COOPER S HOT CHILI,2007,MINI,COOPER S HOT CHILI,,OTHER,Z000DZ
q0267,TOLVA,2016,MIRELES,,TOLVA,REMOLQUE,Z0000M
q0268,HILUX DOBLE CABINA BASE STD 4P 4CIL,2023,MITSUBICHI,,CAMION,CAMION,Z000BV
q0269,L200 GLX DIESEL STD 4P 4CIL 2.4L 4WD,2023,MITSUBICHI,,CAMION,CAMION,S0002A
q0270,L200 GLX DIESEL STD 4P 4CIL 2.4L 4WD,2024,MITSUBICHI,,CAMION,CAMION,S0002A
q0271,ENDEAVOR LS AUT. C/A AC.,2006,MITSUBISHI,,AUTOMOVIL,AUTO,L0008V
q0272,L200 GASOLINA,2016,MITSUBISHI,,PICK UP,PICKUP,J00097
q0273,MITSUBISHI MIRAGE GLX L3 1.2 AUT,2017,MITSUBISHI,,AUTOMOVIL,AUTO,V00022
q0274,PICK UP L200 GLX DOBLE CAB 4WD L4 TDI STD 4 ABS CA CE TELA SM,2023,MITSUBISHI,PICK UP L200 GLX DOBLE CAB 4WD STD,,PICKUP,S0002A
q0275,SPORT 3.0 SE AUTO,2022,MITSUBISHI,MONTERO,,AUTO,F00021
q0276,CAMA BAJA  50-60 TON.,2008,NATSA,,CAMION,CAMION,I0003T
q0277,INTERNATIONAL 4700 COMPACTADOR INTERNACIONAL,2002,NAV INT CORP,COMPACTADOR INTERNACIONAL,CAMION,CAMION,K000A4
q0280,KICKS EXCLUSIVE 5P CVT A/C,2018,NISSAN,,AUTOS,AUTO,A0003D
q0282,NISSAN MARCH SENSE STD,2012,NISSAN,MARCH,AUTOMOVIL,AUTO,B0003J
q0284,NP300 ESTACAS 2P L4 2.5L 2WD DH PQS 1.5TON. STD.,2021,NISSAN,,PICK UP,PICKUP,K0009S
q0286,V-DRIVE BASE L4 1.6L 106 CP 4 PUERTAS STD BA AA,2021,NISSAN,,VEHÍCULOS RESIDENTES,OTHER,W0005Z
q0290,COCHE GRIS OXFORD SEDAM ADVANCE MT,2013,NISSAN SEDAN,,,OTHER,Q0007J
q0291,OMODA 5 PREMIUM 1.5T CVT,2023,OMODA,,AUTOS,AUTO,B0009C
q0293,OUTLANDER LIMITED SUV CVT AA EE CD BA QC VP 165HP ABS 2.4L 4CIL 5P 7OCUP 2015,2015,OUTLANDER LIMITED SUV CVT AA EE CD BA QC VP 165HP ABS 2.4L 4CIL 5P 7OCUP,,,AUTO,T0000R
q0295,PEUGEOT PARTNER MAXI PACK STD DIESEL,2025,PEUGEOT,,PICKUP CARGA,PICKUP,B000AH
q0297,PONTIAC MATIZ,2015,PONTIAC,,AUTOS,AUTO,R0005E
q0298,PORSCHE CAYENNE S E HYBRID 3.0 TRONIC,2018,PORSCHE,,AUTOMOVIL,AUTO,K0000M
q0301,EQ INTER-NAVIS 4300-210 VT466 5VEL CHASIS. STD. MAS 7.5 T Y HASTA 14 T,2015,RABON,,RABON,CAMION,U00018
q0308,CAJA CERRADA RM 2 EJES 53 ALTA,2006,REMOLQUE,,REMOLQUE,REMOLQUE,H0008Z
q0311,CAJA CERRADA RM 2 EJES 40' BAJA,2014,REMOLQUE CAJA CERRADA,,CAJA CERRADA,OTHER,Z0000M
q0312,CAJA CERRADA RM 2 EJES 40' BAJA,2015,REMOLQUES,,REMOLQUES,REMOLQUE,Z0000M
q0315,REMOLQUE,2021,REMOLQUES,REMOLQUE,,REMOLQUE,Z0000M
q0316,REMOLQUE,1991,REMOLQUES,REMOLQUE,,REMOLQUE,Z0000M
q0318,RENAULT RENAULT KANGOO EXPRESS CON AA CD BA STD VAN 4 CIL 4P,2015,RENAULT,,PICKUP CARGA,PICKUP,M0001Y
q0320,STEPWAY EXPRESSION,2016,RENAULT,STEPWAY EXPRESSION,,OTHER,D0008R
q0321,CAJA CERRADA RM 2 EJES 40' BAJA,2014,RM REMOLQUE LEGALIZADO,,REMOLQUE,REMOLQUE,Z0000M
q0323,PLATAFORMA TANDEM 2 EJES,2016,RM SEMIREMOLQUE,,CHASIS,REMOLQUE,T00076
q0324,REMOLQUE,2000,S/M,REMOLQUE,,REMOLQUE,Z0000M
q0325,R 500 A 6X4NA. STD.,2024,SCANIA,,TRACTOCAMION,TRACTO,Z0008Z
q0326,SEAT ATECA 1.4 TSI STYLE 150HP AUT,2024,SEAT,,AUTOMOVIL,AUTO,M00067
q0327,SEAT ATECA STYLE TSI 1.4 DSG,2018,SEAT,,AUTOMOVIL,AUTO,M00067
q0328,SEAT CORDOBA 2.0L STYLANCE STD QC A.AC.,2007,SEAT,,AUTOMOVIL,AUTO,B000CH
q0329,SEAT IBIZA REFERENCE ITECH L4 2.0 STD,2015,SEAT,,AUTOMOVIL,AUTO,F000DW
q0331,CAJA CERRADA RM 3 EJES 40',2010,SEMIREMOLQUE,,REMOLQUES,REMOLQUE,R0007P
q0333,PORTACONTENEDOR 2 EJES 20'. AUT.,2022,SEMIREMOLQUE,,SEMIREMOLQUE,REMOLQUE,R0009V
q0336,CLASE 3 360 DIESEL. STD.,2008,STERLING,,CAMION,CAMION,J0008L
q0338,"FORESTER BLACK EDITION , H4, 2.5L, 182 CP, 5 PUERTAS, AUT",2023,SUBARU,,AUTOMOVIL,AUTO,M0006S
q0339,FORESTER SPORT EYESIGHT 5P B4 2.5L AWD ABS. AUT.,2021,SUBARU,,AUTO,AUTO,A0005X
q0340,SUZUKI SWIFT SPORT GLE 1.4 AUT,2022,SUZUKI,,AUTOMOVIL,AUTO,S0001Y
q0341,SWIFT HB GLS 5P L4 1.2T ABS BA AC R16 STD.,2021,SUZUKI,,AUTOMOVIL,AUTO,F0004U
q0344,COMFORTLINE 5P L4 1.4T TSI ABS BA AC R17. AUT.,2020,TIGUAN,,AUTO,AUTO,Q00041
q0345,TORNADO VAN,2024,TORNADO,,PICKUP´S,PICKUP,S00038
q0346,CAMION HIACE VENTANA G/V S-LARGA,2014,TOYOTA,,,CAMION,V0003N
q0347,HILUX DOBLE CABINA (N),2017,TOYOTA,,CAMION,CAMION,Z000BV
q0349,AUTOMOVIL YARIS CORE H/B MT AC,2014,TOYOTA YARIS,,,AUTO,Y0004U
q0350,HILUX DOBLE CABINA,2024,TOYOYA,,,PICKUP,Z000BV
q0351,AUTOMOVIL YARIS CORE H/B MT A/A,2014,TOYOYA YARIS,,,AUTO,Y0004U
q0352,TR CAMION LEGALIZADO TIPO TRACTOCAMION. STD,2010,TRACTO,,TRACTO,TRACTO,E0005R
q0353,EQ INTER-NAVIS 4400 260HP DT466 10V 6X4. STD. MAS DE 14 TON,2012,TRACTO CAMION,,TRACTO,TRACTO,B00048
q0354,KENWORTH T 680,2025,TRACTO CAMION,,TRACTO,TRACTO,K0009L
q0355,TR CAMION LEGALIZADO TIPO TRACTOCAMION. STD.,2010,TRACTO CAMION,,TRACTO,TRACTO,T0004H
q0357,TRACTOCAMION PETERBILT 579 LEGALIZADO,2014,TRACTOCAMION,,,TRACTO,S00075
q0358,TOLVA,2018,TYRSOL,,TOLVA,REMOLQUE,Z0000M
q0359,TOLVA,2017,TYRSOL,,TOLVA,REMOLQUE,Z0000M
q0360,V.W. SAVEIRO  ROJO,2012,V,,PICKUP´S,PICKUP,B000B1
q0361,VENTURE EXT,1998,VENTURE,VENTURE EXT,,OTHER,U0001I
q0369,TOLVA,2015,VISUSA,,TOLVA,REMOLQUE,Z0000M
q0370,TOLVA,2013,VISUSA,,TOLVA,REMOLQUE,Z0000M
q0371,2.0 PEAK EDITION AUTO 4WD,2026,VOLKSWAGEN,TERAMONT,,AUTO,U0007C
q0373,VOLKSWAGEN TAIGUN COMFORTLINE 1.0L 114HP TIP,2024,VOLKSWAGEN,,AUTOMOVIL,AUTO,J00045
q0375,S60D  IGNITE T5 AW TA,2020,VOLVO,,,OTHER,Z000DI
q0377,VOLVO XC40 MOMENTUM T4,2020,VOLVO,,AUTOMOVIL,AUTO,J0006A
q0378,VOLVO XC60 MOMENTUM            SR CAT,2021,VOLVO,,AUTOS,AUTO,J0003Z
q0383,CARRO UTILITARIO,2023,VW VIRTUS COMFORTLINE,,,OTHER,Q000C7
