code,manufacturer_key,submarca
A000,O03,370Z
A001,E03,PICK UP
A002,V03,M2 25K MBE
A003,R01,RAM VAN 1500
A004,A01,7400
A005,M03,P-124
A006,W00,MIGHTY
A007,I01,VIGUS
A008,E01,KODIAK MAS DE 14 TON
A009,L00,CAMRY
A00A,A01,4700 MAS DE 14 TON
A00B,B00,G9
A00C,E01,TRAVERSE
A00D,X03,B70
A00E,R00,CLASE GLC
A00F,P03,500L
A00G,R00,L1621
A00H,Q00,EX30
A00I,G03,LEON
A00J,Q04,I3
A00K,I01,GRAND AVENUE
A00L,E01,SILVERADO 1500
A00M,G01,L-800
A00N,L04,VENTO
A00O,P03,ARGO
A00P,W01,VANQUISH
A00Q,R00,CLASE B
A00R,E01,KODIAK 13.5 TON
A00S,L04,BORA
A00T,H01,Macan S
A00U,R01,ATOS
A00V,J04,F
A00W,M04,EXPERT
A00X,L04,UP
A00Y,A00,XT4
A00Z,W03,S
A010,N01,166
A011,O03,MAGNITE
A012,G01,TRANSIT PASAJEROS
A013,D00,T300 HASTA 14 TON
A014,G03,TOLEDO
A015,R00,CLASE GLA
A016,O03,TSURU
A017,M00,Q70
A018,G01,AEROSTAR
A019,L04,23.250
A01A,G01,F-250 PICK UP
A01B,M04,407
A01C,T01,BLACKWOOD PICK UP
A01D,L04,BORA SPORTWAGEN
A01E,A00,ATS
A01F,Q04,SERIE 5
B000,A01,HV
B001,L04,SHARAN
B002,R04,FOURGO PANEL
B003,F03,FUSO
B004,G01,CROWN VICTORIA
B005,M04,MANAGER CARGO VAN
B006,B04,JAC 8
B007,O03,LEAF
B008,R01,CHALLENGER
B009,W00,HD72
B00A,B03,K4
B00B,A00,ESCALADE PICK UP
B00C,U03,JIMNY
B00D,R01,PD-600 14 TON
B00E,R01,AVENGER
B00F,G01,F-800 PERKINS
B00G,A02,CROSSTOUR
B00H,E01,C-36
B00I,Q00,EX40
B00J,O03,CABSTAR
B00K,L04,15.250
B00L,B03,NIRO
B00M,Q04,SERIE 8
B00N,X02,SYZ
B00O,L00,COROLLA
B00P,E01,AZTEK
B00Q,V03,M2 20K
B00R,B02,861-K
B00S,R03,MODEL 3
B00T,O01,C10
B00U,E01,UPLANDER
B00V,F03,MONTERO
B00W,O04,E5
B00X,R00,L1518
B00Y,R01,JEEP PATRIOT
B00Z,X03,T77
B010,J01,SANDERO
B011,P03,STILO SHUMACHER
B012,R01,STRATUS
B013,L04,MULTIVAN
B014,N04,ADX
B015,R01,D-600 14 TON
B016,O03,URVAN PANEL
B017,E01,CRUZE
B018,R01,RAM VAN 3500
B019,V03,CORONADO
B01A,E03,MAMUT
B01B,M03,R-620
B01C,G03,ARONA
B01D,G01,KA
B01E,G03,TARRACO
B01F,R01,JEEP RENEGADO
C000,R01,H100 ESTACAS
C001,J00,AUTOS GENERICOS
C002,U03,GRAND VITARA
C003,R01,CHARGER
C004,P03,ALBEA
C005,G01,ESCORT
C006,R00,L1218
C007,E01,KODIAK HASTA 12.5 TON
C008,I03,CENTURY
C009,R00,CLASE C
C00A,F01,TRACTOCAMION
C00B,P02,MILER
C00C,L00,AVANZA
C00D,X01,1524
C00E,T02,DEEPAL
C00F,R01,PACIFICA
C00G,K00,X200
C00H,Q04,SERIE Z
C00I,V03,M2 58K
C00J,D00,T300 HASTA 12.5 TON
C00K,S02,CAJA REFRESQUERA
C00L,G01,MUSTANG
C00M,P02,WONDER
C00N,L04,JETTA A3
C00O,E01,NUEVO CAVALIER
C00P,Z02,MOUNTAINEER
C00Q,G03,FREETRACK
C00R,G01,ECONOLINE VAN
C00S,Y03,BYD
C00T,E01,EQUINOX
C00U,M04,LANDTREK
C00V,A00,DORADO
C00W,E01,AVEO
C00X,I00,S5
C00Y,N01,159
C00Z,M04,PARTNER TEPEE
C010,A02,CR-Z
C011,R01,D-600 TANQUE
C012,Q02,J7
C013,B02,D-7400
C014,R03,CYBERTRUCK
C015,N01,SPIDER
C016,S02,PLATAFORMA ALTA
C017,O04,K01H
C018,L00,COROLLA CROSS
C019,A03,ST9500
C01A,W02,M65
C01B,C02,STARRAY
C01C,R01,RAM MEGA PICK UP
C01D,Q04,SERIE 3
C01E,R01,H100 VAN CARGA
C01F,E01,SONORA
D000,D00,T880
D001,R01,RAM PROMASTER CARGO VAN
D002,B04,SEI 4
D003,G01,EXCURSION
D004,I00,TT
D005,E01,BLAZER
D006,L04,ID
D007,G01,B-150 PICK UP
D008,R01,200
D009,Q00,WG TRACTOCAMION
D00A,A00,XT5
D00B,N04,TSX
D00C,J04,XF
D00D,D00,T600
D00E,V03,FL-60 CUMMINS
D00F,J01,ZOE
D00G,A03,LT9500
D00H,L04,CADDY
D00I,R01,JEEP GLADIATOR
D00J,L04,CRAFTER VAN
D00K,L04,5-150
D00L,Q00,C30
D00M,R01,JEEP CJ
D00N,M00,I30
D00O,B01,T5
D00P,R00,"SPRINTER CARGO VAN (416,415)"
D00Q,M03,R-114
D00R,B03,SPORTAGE
D00S,A02,CIVIC
D00T,R01,DART K
D00U,E01,CUTLASS
D00V,P02,AUMAN TR
D00W,R01,CALIBER
D00X,E01,OPTRA
D00Y,D00,W900
D00Z,T01,MARK VIIII
D010,W03,T1
D011,Q00,VL
D012,N04,TLX
D013,L00,AVANZA CARGO
D014,A00,SRX
D015,E00,75
D016,J01,SCALA
D017,R01,H100 PICK UP
D018,O03,ROGUE
D019,I00,RS6
D01A,E01,VECTRA
D01B,S02,CAJA SECA
D01C,A01,7300
D01D,V03,M2 60K
D01E,S01,XB
D01F,G01,ECOSPORT
E000,C02,COOLRAY
E001,R01,RAM QUAD CAB PICK UP CREW CAB
E002,R01,RAM VAN 2500
E003,L00,4 RUNNER
E004,N00,WULLING
E005,L00,HILUX PICK UP
E006,D00,T270 HASTA 14 TON
E007,P00,URUS
E008,O03,QUEST
E009,L04,DELIVERY
E00A,V03,M2 106 60k
E00B,Z03,PANEL
E00C,R00,VIANO
E00D,J02,HS3
E00E,T01,NAUTILUS
E00F,C02,EX5
E00G,K03,MX5
E00H,E01,CHEVY C2
E00I,I03,VERANO
E00J,B03,SOUL
E00K,A01,CF 600
E00L,P00,GALLARDO
E00M,A01,INTERNATIONAL MAXF
E00N,R02,001
E00O,U01,CHASIS CABINA
E00P,Q00,S90
E00Q,R01,D-600 10 TON
E00R,L03,1014
E00S,R00,CLASE GLE
E00T,R00,L1600
E00U,W03,DASHING
E00V,R01,CONCORDE
E00W,A00,SEVILLE
E00X,S04,WRX
E00Y,Q04,SERIE 7
E00Z,L04,POINTER
E010,G01,EXPEDITION
E011,P04,H3
E012,P02,AUMARK
E013,R01,SRT-10
E014,K03,CX70
E015,U02,9-3
E016,D00,T460
E017,V03,M2 33K FULLER
E018,I00,A6
E019,F02,F12
E01A,L04,15.190 DE 15 TON
E01B,V02,CROSSBLADE
E01C,B02,661-K TANDEM
E01D,F03,OUTLANDER
E01E,Q03,MXT
E01F,O00,HUNTER
F000,B04,ESEI 1
F001,I03,REGAL
F002,L02,TGA TRACTOCAMION
F003,A02,BR-V
F004,L00,PRIUS
F005,G00,MD5820
F006,E01,C-60 10 TON
F007,Z02,SABLE
F008,L04,CARIBE
F009,B02,D-3000 ESTACAS
F00A,E01,R 25 PICK UP
F00B,A02,CRV
F00C,G01,EDGE
F00D,E01,MATIZ
F00E,V01,FREELANDER
F00F,O03,MAXIMA
F00G,A02,PRELUDE
F00H,R00,L1400
F00I,B04,ESEI 2
F00J,E01,COLORADO PICK UP
F00K,P03,PALIO ADVENTURE
F00L,B03,SORENTO
F00M,G01,THUNDERBIRD
F00N,B02,D-1000 PICK UP
F00O,A03,M6500 HASTA 12.5 TON
F00P,E03,F5
F00Q,M00,Q60S
F00R,L04,NUEVO JETTA A6
F00S,V03,M2 55K
F00T,R01,JEEP WAGONEER SUV
F00U,K01,ORA 03
F00V,R00,L1217
F00W,B00,G6
F00X,G01,FREESTAR
F00Y,P04,H3 PICK UP
F00Z,L04,JETTA A7
F010,L04,6.16
F011,Q00,WAH TRACTOCAMION
F012,Q01,VOLTEO
F013,L04,CORSAR
F014,R01,RAM PROMASTER
F015,F02,296
F016,R01,VOYAGER
F017,S02,JAULA GANADERA
F018,O03,MICRA
F019,A00,STS
F01A,L04,CRAFTER PASAJEROS
F01B,N04,NSX
F01C,P00,REVUELTO
F01D,W00,STAREX PASAJEROS
F01E,A01,4400
F01F,L04,ROUTAN
G000,A01,7300
G001,F04,SUPER ABOVE
G002,T02,HUNTER
G003,E03,GF 250
G004,A04,FRIDAY
G005,R01,D-350
G006,Q00,C70
G007,A02,ELEMENT
G008,L04,TERAMONT
G009,S01,XF D
G00A,E01,C-60 TANQUE
G00B,V03,ARGOSY
G00C,D00,T2000 TRACTOCAMION
G00D,S04,OUTBACK
G00E,E01,CHEVY PICK UP
G00F,V03,FL-112
G00G,Q00,VHD64
G00H,M04,607
G00I,J04,F-PACE
G00J,P04,H2
G00K,D00,T660 MAS DE 14 TON
G00L,D00,T270
G00M,R00,SPRINTER CARGO VAN
G00N,P01,1500
G00O,E01,ACADIA
G00P,W00,Grand i
G00Q,E01,ZAFIRA
G00R,J01,ALLIANCE
G00S,D00,T680
G00T,F03,MIRAGE
G00U,L00,TACOMA PICK UP
G00V,O03,SENTRA
G00W,C04,K1
G00X,Z01,K7
G00Y,R01,RAM 3500
G00Z,O03,SAKURA
G010,T01,MKC
G011,C00,X30
G012,K01,POER
G013,L00,RUSH
G014,N04,RDX
G015,V03,CST-120
G016,H03,GS7
G017,N01,GTV
G018,R00,L0900
G019,K00,T5
G01A,B04,SEI 2
G01B,Q00,VLE TRACTOCAMION
G01C,P02,FOTON 4TON
G01D,V03,FL-50 18K
G01E,G01,TRANSIT CARGA
G01F,R01,PD-600 TANQUE
H000,R00,ACTROS 2646
H001,A03,M6500 HASTA 9.5 TON
H002,T01,MKS
H003,S02,DOLLY
H004,M02,CGC
H005,R01,ATTITUDE
H006,A03,M8500 TRACTOCAMION
H007,E01,CELEBRITY
H008,U03,KIZASHI
H009,O03,300ZX
H00A,L04,AMAROK
H00B,R01,GRAND CARAVAN
H00C,F02,MODENA
H00D,C03,WHITE
H00E,H03,GS8
H00F,G01,FIGO
H00G,H01,718
H00H,U03,S Cross
H00I,P03,PANDA
H00J,R00,CLASE CLA
H00K,Q00,S40
H00L,R01,NITRO
H00M,V03,M2 25K HASTA 9.5 TON
H00N,A01,LT
H00O,L02,TGX TRACTOCAMION
H00P,L04,11.8
H00Q,I00,A3
H00R,A02,CITY
H00S,L04,CROSSFOX
H00T,A01,TRANSTAR
H00U,U02,9-5
H00V,A02,FIT
H00W,F00,TENOCHKA
H00X,F03,GRANDIS
H00Y,R01,RAM 1500
H00Z,F02,488
H010,O03,DATSUN PICK UP
H011,B02,S500
H012,N02,MR690S
H013,A01,4700 HASTA 7.5 TON
H014,N02,MACK TRACTOCAMION
H015,T03,ELF 400
H016,M00,Q45
H017,C02,CITRAY
H018,V03,FL-80
H019,A01,9400 TRACTOCAMION
H01A,R00,CLASE E
H01B,K03,CX5
H01C,L04,CRAFTER CARGO VAN
H01D,W00,CRETA
H01E,E01,P-30 CARGO VANETTE
H01F,E01,C-15 PICK UP
I000,O03,ICHI-VAN PANEL
I001,C00,X35
I002,O03,JUKE
I003,P02,FORLAND
I004,E01,LUV
I005,G03,IBIZA
I006,Z00,MC20
I007,C00,X65
I008,V01,LR2
I009,X01,300 CHASIS
I00A,L04,JETTA A4
I00B,M00,I35
I00C,Y03,DENZA
I00D,X01,1727
I00E,A03,M6500 HASTA 14 TON
I00F,R00,SPRINTER PLATAFORMA
I00G,F03,ENDEAVOR
I00H,R01,CARRY ALL
I00I,O03,SAMURAI
I00J,C00,X25
I00K,R01,JEEP RENEGADE
I00L,V03,FL-120
I00M,N03,BOLDEN
I00N,N01,GIULIA
I00O,D00,T370 MAS DE 14 TON
I00P,W00,TUCSON
I00Q,V03,360
I00R,V01,DISCOVERY
I00S,D00,T400 TRACTOCAMION
I00T,W03,X70
I00U,E01,CHEVY CARGO
I00V,X02,SYG
I00W,L04,GOLF A2
I00X,A01,CITYSTAR
I00Y,K03,CX9
I00Z,P03,UNO
I010,E01,BONNEVILLE
I011,P03,BRAVO
I012,W03,T2
I013,L00,HIACE
I014,L04,TAOS
I015,C00,BJ40
I016,E01,G6
I017,L04,TRANSPORTER PASAJEROS
I018,F04,UVAN PASAJEROS
I019,E03,GF-900 PASAJEROS
I01A,O03,APRIO
I01B,A01,MV
I01C,G01,F-700 PERKINS
I01D,Q00,FE
I01E,D00,T370 TRACTOCAMION
I01F,R00,CLASE SLC
J000,I03,LE SABRE
J001,S02,PLATAFORMA BAJA
J002,P02,HI VAN
J003,Q02,5
J004,A00,DEVILLE
J005,Q04,X4
J006,E01,CHEYENNE
J007,M04,MANAGER PASAJEROS
J008,Q00,S70
J009,Z02,MARINER
J00A,A01,CF-500
J00B,K02,PICKUPS GENERICOS
J00C,A00,ESCALADE
J00D,T03,ELF 200
J00E,G01,FIVE HUNDRED
J00F,M04,3008
J00G,E01,TORRENT
J00H,C00,U5 PLUS
J00I,E01,HHR
J00J,C00,BJ20
J00K,D00,T450
J00L,U03,SX4
J00M,L04,COMBI PANEL
J00N,Z02,MONTEGO
J00O,B02,661-K VOLTEO
J00P,S02,TOLVA GRANELERA
J00Q,H03,GN8
J00R,U03,BALENO
J00S,N04,MDX
J00T,E01,SUBURBAN
J00U,J01,CLIO
J00V,G01,CONTOUR
J00W,L00,MR2
J00X,R01,JEEP LIBERTY
J00Y,P03,500X
J00Z,S02,CAJA REFRIGERADA
J010,V02,ROADSTER
J011,G01,F-800 ESTACAS
J012,E01,SUNFIRE
J013,G01,F-700
J014,L04,EOS
J015,I00,RS5
J016,M00,QX56
J017,B02,551-K
J018,K00,SUNRAY
J019,E01,LUMINA
J01A,X01,CAJA SECA
J01B,Q00,VL6
J01C,O01,B10
J01D,L04,15.190
J01E,X01,300 CHASIS
J01F,V00,ARMADO
K000,J01,TRAFIC CARGA
K001,H01,CAYENNE
K002,E01,MERIVA
K003,K03,CX3
K004,R01,RAM 4000
K005,R01,H300
K006,D00,KW55
K007,G01,F-600 VOLTEO
K008,V03,FLD 120
K009,A01,4900
K00A,R00,CLASE GL
K00B,W00,HD65/H400
K00C,O03,HIKARI
K00D,O03,FRONTIER PICK UP
K00E,G01,EXPLORER
K00F,L04,SEDAN
K00G,V03,M2 106 35k
K00H,G01,LOBO
K00I,V03,M2 52K
K00J,Y02,TIGGO 8
K00K,R00,CLASE R
K00L,S02,JAULA
K00M,M00,JX35
K00N,G01,GHIA
K00O,E01,KODIAK 14.5 TON
K00P,E01,EXPRESS CARGO VAN
K00Q,R01,CHRYSLER 600
K00R,G01,WINDSTAR
K00S,R01,DAKOTA PICK UP
K00T,V03,M2 106 52k
K00U,T03,ELF 300 CHASIS
K00V,Q01,PLATAFORMA
K00W,L00,TUNDRA PICK UP
K00X,N04,ZDX
K00Y,J04,XK
K00Z,G01,MUSTANG HASTA 84
K010,A03,M6500 HASTA 7.5 TON
K011,H04,TATRA TR
K012,Q00,NR-64T
K013,J01,MASTER
K014,R01,RAM 1200
K015,B03,SELTOS
K016,V03,FL-106 TRACTOCAMION
K017,G01,BRONCO
K018,B02,631-K 10 TON
K019,H03,GS4
K01A,M04,207
K01B,R01,D-600 TANDEM
K01C,B02,631-K TANQUE
K01D,P03,500
K01E,K01,HAVAL
K01F,H01,CAYMAN
L000,N01,JUNIOR
L001,K03,3
L002,H01,PANAMERA
L003,O03,DATSUN
L004,A01,PROSTAR
L005,J01,CAPTUR
L006,A01,8600
L007,L04,BEETLE
L008,I00,Q5
L009,B03,SEDONA
L00A,B03,TELLURIDE
L00B,M04,5008
L00C,R01,RAM WAGON 2500
L00D,R01,I 10
L00E,T03,ELF 300
L00F,E01,S-10 PICK UP
L00G,C02,EMGRAND
L00H,G01,MONDEO
L00I,E03,GF70
L00J,R01,JEEP WRANGLER
L00K,L04,VIRTUS
L00L,L04,24.250
L00M,A02,ACCORD
L00N,V01,LR3
L00O,G02,TRACTOCAMION
L00P,K03,6
L00Q,A01,7400 TRACTOCAMION
L00R,Q04,X7
L00S,T03,ELF 600
L00T,E01,SILVERADO 2500
L00U,V03,M2 106 25k
L00V,Q00,VNL-64T
L00W,M00,QX70
L00X,J01,KARDIAN
L00Y,A01,4700 HASTA 12.5 TON
L00Z,R01,SEBRING / RT
L010,B02,661-K
L011,R01,SHADOW
L012,S00,G03F
L013,V03,FL-50/360
L014,G03,CORDOBA
L015,R01,VIPER
L016,E01,TORNADO
L017,A00,OPTIQ
L018,L00,SOLARA
L019,V02,FORFOUR
L01A,R00,VITO CARGO VAN
L01B,R00,CLASE GLK
L01C,L02,D2066
L01D,J01,TRAFIC PASAJEROS
L01E,N03,SITRAK
L01F,E01,G4
M000,F03,SPACESTAR
M001,S04,TRIBECA
M002,X01,1724
M003,N04,ILX
M004,L04,SEDANETA
M005,S02,"TOLVA (ALIMENTOS, QUIMICOS)"
M006,M04,508
M007,Q00,V70
M008,R01,VERNA
M009,R01,RAM PICK UP
M00A,L04,PASSAT
M00B,E01,MALIBU
M00C,F04,HUGE
M00D,Q00,S60
M00E,P01,4000
M00F,D00,T600 MAS DE 14 TON
M00G,G01,TAURUS
M00H,O03,ALTIMA
M00I,B04,SEI 7
M00J,E01,CHEVY
M00K,Z00,LEVANTE
M00L,A01,INTERNATIONAL 4200
M00M,R01,D-600 12 TON
M00N,E01,VENTURE
M00O,I00,S4
M00P,R01,NEON
M00Q,E01,FIREBIRD TRANS AM
M00R,L04,EUROVAN PASAJEROS
M00S,E01,CARRY ALL
M00T,G01,CLUB WAGON
M00U,G01,F-450
M00V,V03,FL-106
M00W,M00,FX37
M00X,D00,T400
M00Y,Z00,GRAN TURISMO
M00Z,V03,M2 59K
M010,V03,FL-80 TRACTOCAMION
M011,V01,LR4
M012,V03,114SD
M013,D00,T300 MAS DE 14 TON
M014,R00,LK1418
M015,R00,AMG GT
M016,R01,D-250
M017,E01,AVALANCHE PICK UP
M018,S04,BRZ
M019,R01,PHANTOM
M01A,M00,Q50
M01B,N01,STELVIO
M01C,T02,CS
M01D,P03,DUCATO CAJA SECA VAN
M01E,G01,FUSION
N000,N01,MITO
N001,J01,KOLEOS
N002,E01,TAHOE
N003,T02,SC1040
N004,B02,9400
N005,O03,PLATINA
N006,B04,J4
N007,L04,8.160
N008,D00,T300 TRACTOCAMION
N009,B02,S-400
N00A,L00,HIACE PANEL
N00B,E01,C-60 12 TON
N00C,M04,PARTNER MAXI
N00D,V03,M2 36K
N00E,Q00,V50
N00F,Q00,V60
N00G,V03,M2 106 56k
N00H,U03,AERIO
N00I,A01,4300 MAS DE 14 TON
N00J,C00,BJ30e
N00K,C01,MINI EV
N00L,M03,R-124
N00M,R00,L1417
N00N,O03,TITAN PICK UP
N00O,F04,MINIVAN CARGO
N00P,R01,MAGNUM
N00Q,G01,TOPAZ
N00R,E03,GF8
N00S,I03,LACROSSE
N00T,L04,VARIANT
N00U,Q00,XC60
N00V,J01,DUSTER OROCH
N00W,U03,DZIRE
N00X,M04,306
N00Y,E01,SIERRA PICK UP
N00Z,E01,C-20 PICK UP
N010,B03,STINGER
N011,A01,5600
N012,L04,SAVEIRO
N013,E01,VOLT
N014,Z03,RAM PROMASTER CARGO VAN
N015,S00,X30
N016,U03,ERTIGA
N017,G01,F-350
N018,R01,J-10 PICK UP
N019,L04,CADDY VAN
N01A,E01,CORSA
N01B,S04,IMPREZA
N01C,E03,TIGER
N01D,M00,FX35
N01E,A00,CATERA
O000,Y00,LEXUS
O001,D00,T800
O002,Z01,X12000
O003,B03,RIO
O004,V03,M2 52K TR
O005,Q04,X3
O006,R04,KINGO
O007,G01,FOCUS
O008,E01,C-25 PICK UP
O009,V03,FLD 112
O00A,M04,405
O00B,L04,24.28
O00C,J04,S
O00D,S03,PICK UP
O00E,Z00,GHIBLI
O00F,R01,H100 PASAJEROS
O00G,N02,GRANITE
O00H,X00,HANVAN
O00I,T03,ELF 100
O00J,E01,CAPTIVA
O00K,A03,LT9500 TRACTOCAMION
O00L,R01,300
O00M,J01,LOGAN
O00N,E01,YUKON
O00O,L04,GOLF A4
O00P,E01,C-60 14 TON
O00Q,D00,T680
O00R,L04,TOUAREG
O00S,H03,AION Y
O00T,V03,M2 25K HASTA 12.5 TON
O00U,G01,F-600
O00V,U00,FLYING
O00W,R01,DART
O00X,T02,HONOR
O00Y,V03,M2 33K MBT
O00Z,I03,ENCLAVE
O010,A00,XLR
O011,O03,MURANO
O012,T03,"FORWARD 800 ""M"""
O013,T01,AVIATOR
O014,P03,STRADA
O015,E03,GF 5000
O016,Q04,X2
O017,M03,R-410
O018,J04,E-PACE
O019,O03,VERSA
O01A,R00,L2100
O01B,L04,17.280
O01C,J01,R-5
O01D,O03,URVAN PASAJEROS
O01E,O03,KAIT
P000,S04,FORESTER
P001,A03,360
P002,E01,SPARK
P003,X02,SY
P004,J03,ELISE S
P005,C00,NEXTAR
P006,J01,KWID
P007,R01,CROSSFIRE
P008,R00,CLASE CLS
P009,Q00,VNM-64T
P00A,V03,FL-60
P00B,N04,RL
P00C,I02,X3000
P00D,R01,VISION
P00E,J04,I-PACE
P00F,V03,M2 106 29k
P00G,O03,240SX
P00H,G01,F-150 PICK UP
P00I,E01,C-35
P00J,B02,CAT 3126
P00K,S02,TOLVA CEMENTERA
P00L,M04,RCZ
P00M,L00,SIENNA
P00N,P02,OLLIN
P00O,E01,HUMMER EV
P00P,A03,M7500 MBE 900
P00Q,R00,CLASE GLS
P00R,O03,KICKS
P00S,R00,CLASE CL
P00T,L04,GOLF SPORTWAGEN
P00U,E01,TIGRA
P00V,R03,MODEL X
P00W,R00,e-SPRINTER
P00X,W00,SANTA FE
P00Y,L04,TRANSPORTER PASAJEROS
P00Z,G01,IKON
P010,K04,S1000
P011,A01,7600 TRACTOCAMION
P012,A01,PLATAFORMA
P013,B03,OPTIMA
P014,G01,GRAND MARQUIS
P015,M03,P-114
P016,L04,DERBY
P017,A02,INSIGHT
P018,Q04,SERIE 1
P019,R01,RAM 700
P01A,R01,D-600 7.5 TON
P01B,W00,IX35
P01C,N04,RLX
P01D,L00,C-HR
P01E,E01,CAMARO
Q000,L04,TERA
Q001,W00,2627
Q002,O01,B01
Q003,V03,M2 80K
Q004,K03,CX7
Q005,Q04,X5
Q006,J03,EVORA S
Q007,B03,FORTE
Q008,O03,NV2500
Q009,M03,R-500
Q00A,D00,T370 10 TON
Q00B,F04,CAPTAIN
Q00C,L04,GTI
Q00D,E01,CITATION
Q00E,G01,FLEX
Q00F,S00,T50
Q00G,I00,S3
Q00H,U00,CONTINENTAL
Q00I,R01,VOLARE K
Q00J,K03,BT-50
Q00K,P01,1000
Q00L,M04,PARTNER FURGON
Q00M,L04,POINTER PICK UP
Q00N,N02,MRU
Q00O,D00,T800 MAS DE 14 TON
Q00P,M03,P-420
Q00Q,J01,VAGONETA
Q00R,T01,MKX
Q00S,W00,SONATA
Q00T,K00,T9
Q00U,R03,MODEL S
Q00V,B02,D9
Q00W,L04,GOL
Q00X,Q00,V40
Q00Y,T03,FORWARD
Q00Z,G01,ECONOLINE WAGON
Q010,R00,L1619
Q011,Z01,HFC
Q012,O03,350Z
Q013,E01,EPICA
Q014,T03,SPARTAN
Q015,T00,RAMIREZ TRACTOCAMION
Q016,V03,CASCADIA
Q017,A01,MXT 300
Q018,M04,PARTNER PACK FURGON
Q019,A03,M7500
Q01A,R01,TOWN AND COUNTRY
Q01B,W00,STAREX CARGO VAN
Q01C,K01,TANK
Q01D,G03,ALHAMBRA
Q01E,Q01,CHASIS 10 TON
R000,J01,ARKANA
R001,N01,GIULIETTA
R002,E01,TRACKER
R003,L00,SEQUOIA
R004,T03,NQR
R005,O02,S09
R006,G01,CARRY ALL
R007,R00,CLASE A
R008,L04,26-280
R009,G01,POLICE INTERCEPTOR
R00A,N01,147
R00B,M04,E-PARTNER
R00C,D01,ARMADO
R00D,I01,TOURING
R00E,Y03,DOLPHIN
R00F,T03,FORWARD 800
R00G,C02,GX3 PRO
R00H,V03,FL-70 MAS DE 14 TON
R00I,O03,PICK UP
R00J,A02,RIDGELINE PICK UP
R00K,W00,H300
R00L,E01,CORVETTE
R00M,L04,COMBI
R00N,Q00,XC40
R00O,T02,EADO
R00P,Q01,TRACTOCAMION
R00Q,L00,RAV4
R00R,Q00,VLE
R00S,B02,700-K
R00T,E02,ST 250
R00U,R01,INTREPID
R00V,P03,GRANDE PUNTO
R00W,U03,SWIFT
R00X,I00,S8
R00Y,Z03,PANEL CARGA
R00Z,E01,KODIAK 8 TON
R010,I00,A7
R011,W00,XCIENT
R012,R01,SPIRIT
R013,E01,ASTRA
R014,G03,EXEO
R015,B02,451-K
R016,N01,4C
R017,E01,CANYON PICK UP
R018,V01,LR
R019,G01,EXPLORER SPORT PICK UP
R01A,N01,GT
R01B,E01,GRAND AM
R01C,X01,1018
R01D,A02,PILOT
R01E,P03,DUCATO PASAJEROS
S000,L00,YARIS
S001,G01,F-750
S002,T02,UNI-K
S003,S02,MADRINA TRANSPORTADORA DE VEHICULOS
S004,D00,T450 TRACTOCAMION
S005,V03,CL 112
S006,M04,301
S007,Y01,G33
S008,R00,L1617
S009,A01,4300 NGV
S00A,M00,QX50
S00B,H02,GRENADIER
S00C,Q00,S80
S00D,H01,BOXSTER
S00E,M03,R-440
S00F,M04,EXPERT TEPEE
S00G,D04,GENERICO
S00H,L00,T100
S00I,U03,CIAZ
S00J,E03,GF 60
S00K,T01,ZEPHYR
S00L,Q04,X6
S00M,P01,2200
S00N,W00,ELANTRA
S00O,E01,G5
S00P,E01,CAVALIER MODELO 2004 AL 1995
S00Q,R01,RAM 6500/7000
S00R,J01,KANGOO PASAJEROS
S00S,L04,19.360
S00T,R00,L1418
S00U,A03,L7500
S00V,U03,IGNIS
S00W,R00,CLASE SLS
S00X,B04,EJ4
S00Y,E01,CHEYENNE 350
S00Z,O03,GT-R
S010,R01,DURANGO
S011,C02,MONJARO
S012,G01,F-550
S013,E00,MG
S014,O03,NINJA
S015,O03,CABSTAR CAJA SECA EXTENDIDO
S016,M03,R-450
S017,I00,A8
S018,V03,M2 35K CAJA SECA
S019,J01,R-11 ENCORE
S01A,Q00,VNR-64T
S01B,O02,S07
S01C,A01,LONESTAR
S01D,V03,M2 53K
S01E,I00,Q8
T000,S03,PORTER FURGON
T001,L04,DERBY VAN
T002,E01,TRAX
T003,R00,L914
T004,I03,ENCORE
T005,K03,CX-30
T006,B02,9 CAB OVER
T007,R01,NEW YORKER
T008,H03,EMKOO
T009,A00,CTS
T00A,F03,LANCER
T00B,S00,T30
T00C,V03,M2 112K
T00D,M04,307
T00E,R01,JEEP GRAND CHEROKEE
T00F,Z02,MILAN
T00G,E01,MONTANA
T00H,G01,F-600 TANDEM
T00I,A01,4300
T00J,H00,DAILY CHASIS CABINA
T00K,V03,M2 33K
T00L,W00,HD78/H500
T00M,L04,9.150
T00N,O04,600
T00O,K03,5
T00P,Q04,XM
T00Q,L04,GOLF A6
T00R,D00,KW45
T00S,A00,BLS
T00T,Q00,WX TRACTOCAMION
T00U,O03,ICHI VAN PASAJEROS
T00V,B02,751-K
T00W,A03,L7500 MAS DE 14 TON
T00X,L02,TGS TRACTOCAMION
T00Y,M03,DSC
T00Z,Q04,I8
T010,E01,CARGO VAN
T011,C00,D20
T012,A03,LT7500
T013,G01,F-200 PICK UP
T014,E01,C-60 7.5 TON
T015,A02,ODISSEY
T016,A04,EWAN CROSS
T017,R01,PD-600 12 TON
T018,Q00,VN
T019,K00,TRAVELER
T01A,F03,ASX
T01B,J04,XE
T01C,G03,ATECA
T01D,T03,ELF 500
T01E,I00,E-TRON
U000,T01,CONTINENTAL
U001,P01,6000
U002,B02,DINA VANET
U003,M00,G37
U004,L04,GOLF A3
U005,W00,GENESIS
U006,E01,C-4500 CAJA SECA
U007,R01,D-100
U008,E01,C-60 TANDEM
U009,T01,TOWN CAR
U00A,S02,PORTACONTENEDOR
U00B,R00,VITO
U00C,V03,M2 44K
U00D,R01,JOURNEY
U00E,G01,COURIER PICK UP
U00F,E01,EXPRESS VAN PASAJEROS
U00G,Q01,TANDEM
U00H,P02,AUMAN TR
U00I,E01,TRAIL BLAZER
U00J,Q00,M2 106 52k tractocamion
U00K,S02,PLATAFORMA LOW BOY C/GANSO
U00L,H01,911
U00M,L01,LESTAR
U00N,T01,MARK LT PICK UP
U00O,E01,EIGHTY EIGHT
U00P,J01,TWIZY
U00Q,J01,R-18
U00R,Q04,MINI COOPER
U00S,R00,CLASE S
U00T,P00,HURACAN
U00U,G01,ESCAPE
U00V,R01,RAM MAXI WAGON
U00W,L04,JETTA A2
U00X,O03,TSUBAME
U00Y,O03,VERSA GO
U00Z,A03,T113 TRACTOCAMION
U010,R01,JEEP WAGONEER
U011,M03,G 480 LA
U012,O01,C16
U013,E03,GF-900
U014,P02,VIEW
U015,P02,PANEL
U016,Q00,XC70
U017,R01,D-150
U018,B02,D12
U019,R01,RAM 2500
U01A,E01,TERRAIN
U01B,L04,CRAFTER CAJA REDILAS
U01C,B02,661 TRACTOCAMION
U01D,A01,8600
U01E,A02,HR-V
V000,F03,GALANT
V001,Q00,EC40
V002,R01,JEEP COMMANDER
V003,Y03,KING
V004,V03,M2 40K MBT
V005,T01,MKZ
V006,X01,500
V007,Y03,HAN
V008,L04,ATLANTIC
V009,R00,CLASE V
V00A,L04,JETTA CLASICO
V00B,A00,DTS
V00C,M01,M2
V00D,V03,M2 35K
V00E,B04,SUNRAY
V00F,M00,FX50
V00G,E03,F1
V00H,A01,CXT 220
V00I,F04,P22
V00J,Y02,TIGGO 7
V00K,Q00,XC90
V00L,G04,S 1000
V00M,J01,ESTAFETTE
V00N,E04,CHASIS CABINA
V00O,L00,FJ CRUISER
V00P,R00,LK1417
V00Q,E01,CUTAWAY
V00R,R01,RAM VAN
V00S,T01,NAVIGATOR
V00T,R01,BREEZE
V00U,A01,CF-600
V00V,R00,L1200
V00W,T02,ALSVIN
V00X,R00,CLASE ML
V00Y,V01,EVOQUE
V00Z,O03,MARCH
V010,I00,R8
V011,M01,M3
V012,Q04,SERIE 4
V013,M00,Q60
V014,L00,LAND CRUISER
V015,L04,8.150
V016,I04,LHD 485 R
V017,W01,RAPIDE S
V018,B03,SONET
V019,G01,F-100 PICK UP
V01A,G01,RANGER PICK UP
V01B,D00,T660
V01C,S02,VOLTEO
V01D,E01,G3
V01E,R01,CIRRUS
W000,R01,PD-600 10 TON
W001,K03,2
W002,B02,531-K HASTA 7.5 TON
W003,T01,LS
W004,T02,STAR TRUCK
W005,O03,Z
W006,F03,ECLIPSE
W007,L00,HIGHLANDER
W008,J04,XJ
W009,V01,DEFENDER
W00A,G03,ALTEA
W00B,A01,3100
W00C,M04,2008
W00D,M04,206
W00E,L04,9-170
W00F,B04,6
W00G,J01,LAGUNA
W00H,R00,SPRINTER PASAJEROS
W00I,R01,PT CRUISER
W00J,I01,CARRYNG
W00K,P03,PALIO
W00L,V03,FL-70
W00M,Y02,ARRIZO 8
W00N,S04,XV
W00O,O03,CHASIS CABINA
W00P,I00,Q2
W00Q,U03,NUEVA VITARA
W00R,L04,TIGUAN
W00S,O03,ALMERA
W00T,A04,E-NAT
W00U,J01,IGNIS
W00V,B02,651-K
W00W,W00,IONIQ
W00X,O03,NOTE
W00Y,L00,MATRIX
W00Z,T01,CORSAIR
W010,D02,TREN CANADIENSE 3 EJES
W011,A00,CONCOURS
W012,E03,F4
W013,M04,PARTNER FURGON P/LATERAL
W014,R01,J-364 PICK UP
W015,R01,VAN 1000
W016,P02,PICK UP
W017,R00,CLASE CLK
W018,M03,R-420
W019,I03,ENVISION
W01A,O03,ESTACAS LARGO
W01B,B02,DINA PANEL
W01C,O03,XTERRA
W01D,G01,COUGAR
W01E,D03,ORCA
X000,B02,631-K 12 TON
X001,J04,X
X002,Y01,UNI
X003,R00,CLASE SLK
X004,K00,HFC
X005,O03,ESTACAS
X006,V03,M2 100K
X007,R01,LE BARON
X008,R00,LK1400
X009,J01,FLUENCE
X00A,F03,XPANDER
X00B,N01,BRERA
X00C,A00,LYRIQ
X00D,B02,531-K
X00E,G01,FIESTA
X00F,R01,ASPEN
X00G,R01,MAXI VAN
X00H,L04,17.250 TRACTOCAMION
X00I,E01,MONTECARLO
X00J,E01,KODIAK CHASIS CABINA
X00K,L04,EUROVAN PANEL
X00L,E01,SILHOUETTE
X00M,F04,CHENGLONG
X00N,R01,IMPERIAL
X00O,B04,SEI 3
X00P,T03,ELF 450
X00Q,Y03,SHARK
X00R,R00,CLASE SL
X00S,W01,VANTAGE
X00T,D00,T2000
X00U,I00,A4
X00V,E01,ONIX
X00W,A01,9900 TRACTOCAMION
X00X,P03,LINEA
X00Y,R00,CLASE G
X00Z,R02,X
X010,F04,RICH 6
X011,E03,GF 1500
X012,R01,RAM WAGON 1500
X013,L04,LUPO
X014,S04,LEGACY
X015,W00,H200
X016,J01,SCENIC
X017,Q04,X1
X018,A03,M8500
X019,D00,T604
X01A,R00,CLASE GLB
X01B,R01,JEEP COMPASS
X01C,C02,EX2
X01D,M04,208
X01E,E01,C-30 CAJA REFRIGERADA
Y000,E01,BEAT
Y001,I00,S6
Y002,D00,T300
Y003,F03,ECLIPSE CROSS
Y004,J01,SAFRANE
Y005,P00,AVENTADOR
Y006,M03,SCANIA TRACTOCAMION
Y007,G01,F-600 PERKINS
Y008,E01,IMPALA
Y009,K00,T6
Y00A,L04,SPORTVAN
Y00B,V03,M2 35K CHASIS CABINA
Y00C,M04,TRAVELLER
Y00D,H03,EMZOOM
Y00E,R03,MODEL Y
Y00F,M04,406
Y00G,R01,JEEP CHEROKEE SPORT
Y00H,I00,Q3
Y00I,F04,DFH4271
Y00J,M03,R-164
Y00K,L04,T-CROSS
Y00L,Z00,QUATTROPORTE
Y00M,A01,9200 TRACTOCAMION
Y00N,E01,G-30
Y00O,E01,C-30 CHASIS ESTACAS
Y00P,O03,LUCINO
Y00Q,B03,EV6
Y00R,H01,918
Y00S,D00,FL-80 TRACTOCAMION
Y00T,M03,T-124
Y00U,E01,SONIC
Y00V,M00,QX80
Y00W,O03,PATHFINDER
Y00X,M00,QX30
Y00Y,E01,CAVALIER
Y00Z,B02,631-K MAS DE 14 TON
Y010,I00,Q7
Y011,L04,POLO
Y012,V03,M2 52K QR
Y013,A01,7600
Y014,O03,XTRAIL
Y015,V01,RANGE ROVER
Y016,P03,DUCATO CARGO VAN
Y017,W02,X1
Y018,M00,G25
Y019,R01,RAM CHARGER
Y01A,N01,156
Y01B,O03,TIIDA
Y01C,I00,A1
Y01D,Q04,SERIE 6
Y01E,M04,MANAGER CHASIS
Z000,P04,H2 PICK UP
Z001,E01,GRAND PRIX
Z002,I00,A5
Z003,J01,MEGANE
Z004,Q01,CHASIS
Z005,Z02,MYSTIQUE
Z006,O01,C01
Z007,L04,17.250
Z008,V02,FORTWO
Z009,P03,MOBI
Z00A,G01,F-800
Z00B,Q04,SERIE M
Z00C,B02,9100
Z00D,W00,ACCENT
Z00E,E03,ELAM
Z00F,T03,ELF 450 4.5 TON
Z00G,V03,CL 120
Z00H,V03,COLUMBIA
Z00I,M03,R-480
Z00J,W01,DB9
Z00K,E01,SOLSTICE
Z00L,P03,IDEA ADVENTURE
Z00M,V03,M2 66K
Z00N,F04,UVAN CARGO
Z00O,N04,TL
Z00P,M04,308
Z00Q,C02,OKAVANGO
Z00R,O02,S06
Z00S,Q00,WAH
Z00T,J01,KANGOO VAN
Z00U,S00,T32
Z00V,O03,ARMADA
Z00W,S02,TANQUE
Z00X,E01,BOLT
Z00Y,R04,FOURGO PASAJEROS
Z00Z,Q04,SERIE 2
Z010,O04,EC35
Z011,E01,SILVERADO 3500
Z012,K00,T8
Z013,F03,L200
Z014,J01,STEPWAY
Z015,J01,DUSTER
Z016,M04,RIFTER
Z017,R00,L2121
Z018,M00,QX60
Z019,R01,RAM VANETTE
Z01A,U03,XL7
Z01B,M00,M56
Z01C,M00,M37
Z01D,K04,S2000
Z01E,M04,GRAND RAID
